{
  "version": 1,
  "author": "K.THAMARAI SELVANEEE",
  "editor": "wokwi",
  "parts": [
    {
      "type": "wokwi-esp32-devkit-v1",
      "id": "esp",
      "top": 4.7,
      "left": 62.2,
      "attrs": { "env": "micropython-20230426-v1.20.0" }
    },
    {
      "type": "wokwi-pir-motion-sensor",
      "id": "pir1",
      "top": -101.6,
      "left": 155.82,
      "attrs": {}
    }
  ],
  "connections": [
    [ "esp:TX0", "$serialMonitor:RX", "", [] ],
    [ "esp:RX0", "$serialMonitor:TX", "", [] ],
    [ "pir1:GND", "esp:GND.1", "black", [ "v48", "h-0.26", "v115.3" ] ],
    [ "pir1:VCC", "esp:3V3", "red", [ "v144", "h19.2", "v28.8" ] ],
    [ "pir1:OUT", "esp:D27", "blue", [ "v9.6", "h-144.14", "v115.5" ] ],
    [ "esp:D27", "esp:D14", "blue", [ "h0" ] ]
  ],
  "dependencies": {}
}